source;manufacturer;article;product_url;url_template
sensoren;ifm;SI5000;https://sensoren.ru/product/datchik_potoka_ifm_electronic_si5000/;
sensoren;Autonics;THD-R-T;https://sensoren.ru/product/datchik_temperatury_autonics_thd_r_t/;
sensoren;Balluff;BSP B600-EV003-A02A0B-S4;https://sensoren.ru/product/datchik_davleniya_balluff_bsp_b600_ev003_a02a0b_s4/;
sensoren;Pepperl+Fuchs;RaDec-D;https://sensoren.ru/product/datchik_dvizheniya_pepperl_fuchs_radar_sensor_radec_d/;
sensoren;LANBAO;DPG-10TN;https://sensoren.ru/product/datchik_davleniya_lanbao_dpg_10tn/;
sensoren;SICK;FTS-I100F14A;https://sensoren.ru/product/datchik_potoka_sick_fts_i100f14a/;
beskonta;BESKONTA;BORE01-S2000-8-20-P01;https://beskonta.ru/product/bore01-opticheskiy-fotobarer/;
megak;МЕГА-К;PS2-36M70-12B11-K;https://mega-k.com/products/ps2-36m70-12b11-k;
teko;ТЕКО;CP S254R-3 (PG9);https://teko-com.ru/catalog/product/cp-s254r-3-pg9/;
sensor;СЕНСОР;ВБИ-Д06-45У-1111-С;https://sensor-com.ru/sensors/vbi-d06-45u-1111-s/;
sensor;СЕНСОР;ВБИ-Д06-45У-1111-З;https://sensor-com.ru/sensors/vbi-d06-45u-1111-z/;
